{
  "site": {
    "name": "Nova科技",
    "logo": "/logo.png",
    "favicon": "/favicon.ico",
    "description": "MLOps 专家",
    "copyright": "© 2024 Nova科技. 保留所有权利.",
    "contactEmail": "niqinggood@gmail.com",
    "phone": "-",
    "wechat":"diligently1015",
    "githubUrl": "https://github.com/niqinggood",
    "wechatUrl": "#",
    "wechatpic":"nova-wechat.jpg",
    "icpRecord": "沪ICP备2025117167号-1"
  },
  "theme": {
    "primaryColor": "#165DFF",
    "primaryLight": "#4080FF",
    "primaryDark": "#0E42D2",
    "secondaryColor": "#0A2463",
    "backgroundColor": "#F5F7FA",
    "surfaceColor": "#FFFFFF",
    "textColor": "#1D2129",
    "textSecondary": "#4E5969",
    "fontFamily": "'Poppins', 'Inter', sans-serif"
  },
  "navigation": [
    { "label": "首页", "path": "/" },
    { "label": "AI平台", "path": "http://novaexel.com/pilot/" },
    { "label": "BI平台(demo)", "path": "http://novaexel.com/databi/" },
    { "label": "社区", "path": "/forum" },
    { "label": "关于我们", "path": "/about" },
    { "label": "联系我们", "path": "/contact" },
    { "label": "登录", "path": "/login" },
    { "label": "注册", "path": "/register" }

  ],
  "header": {
    "title": "智能解决方案专家",
    "subtitle": "引领数字化转型，赋能企业未来",
    "background": "/aiheader.jpg",
    "ctaButtons": [


    ]
  },
  "services": [
    {
      "id": 1,
      "title": "网站与移动端开发",
      "desc": "提供一站式的网站与移动端开发服务，涵盖企业官网、功能性网站以及安卓/iOS 应用开发。无论是响应式设计、高性能后端开发，还是跨平台移动应用，我们都能为您提供专业的解决方案，助力您的业务数字化转型。",
      "image": "web-mobile-dev.jpg",
      "url":"http://novaexel.com/pilot"

    },
    {
      "id": 2,
      "title": "AI平台",
      "desc": "通过拖拉拽操作，用户可以快速构建和部署机器学习模型。平台提供丰富的算子库，支持图像处理、自然语言处理等多种算法开发。支持本地和Kubernetes集群部署，满足从开发到生产环境的全流程需求，助力企业高效实现AI项目落地。",
      "image": "mlops-platform.jpg",
      "url":"http://novaexel.com/pilot"
    },
    {
      "id": 3,
      "title": "BI平台",
      "desc": "一站式商业智能分析平台，整合多源数据采集、清洗、建模与可视化功能。通过拖拽式报表设计、实时数据看板和智能预测分析，帮助企业挖掘数据价值，快速洞察业务趋势。支持自定义指标体系与权限管理，适配从业务部门到高管层的全场景数据决策需求，让数据驱动业务增长更高效。",
      "image": "BI.jpeg",
      "url":"http://novaexel.com/databi/"
    },
    {
      "id": 4,
      "title": "算法定制",
      "desc": "由前腾讯算法专家团队打造的定制化AI解决方案，涵盖计算机视觉、自然语言处理、预测分析等领域",
      "image": "algo-dev.jpg",
      "url":"http://novaexel.com/pilot"
    }
  ],
  "products": [
    {
      "id": 1,
      "name": "AI平台",
      "version": "3.2.1",
      "releaseDate": "2024-03-15",
      "description": "企业级机器学习运维平台，支持多团队协作和大规模模型部署",
      "features": [
        "拖拉拽的易用轻量训练部署一体平台",
        "多环境模型部署(支持windows、linux、k8s)",
        "工作流支持数据处理、小模型、图像、大模型、agent、预测后处理",
        "账号user1/assist账号同密码"
      ],
      "image": "mlops-enterprise.png",
      "downloadUrl": "/downloads/nova-mlops-enterprise-3.2.1.zip",
      "documentationUrl": "/docs/mlops-enterprise",
      "price": "联系销售"
    },
    {
      "id": 2,
      "name": "数据基座，BI工具",
      "version": "2.5.0",
      "releaseDate": "2024-01-20",
      "description": "高效数据清洗、转换和分析工具，支持多种数据源",
      "features": [
        "低代码快速搭建用户所需数据配置取数服务",
        "支持数据进行BI分析",
        "支持对数据进行特征重要性、PCA等的分析",
        "账号user1/assist账号同密码"
      ],
      "image": "data-toolkit.png",
      "downloadUrl": "/downloads/nova-data-toolkit-2.5.0.zip",
      "documentationUrl": "/docs/data-toolkit",
      "price": "联系销售"
    },
    {
      "id": 3,
      "name": "企业网站",
      "version": "2.5.0",
      "releaseDate": "2024-01-20",
      "description": "低代码快速搭建企业网站",
      "features": [
        "通过配置快速生成企业的网站",
        "支持论坛，通过自有论坛深入了解用户需求",
        "适配不同平台",
        "快速部署、快速应用",
        "支持定制"

      ],
      "image": "data-toolkit.png",
      "downloadUrl": "/downloads/nova-data-toolkit-2.5.0.zip",
      "documentationUrl": "/docs/data-toolkit",
      "price": "联系销售"
    },
    {"id": 4,
      "name": "微信小程序定制开发",
      "version": "1.0.0",
      "releaseDate": "2024-04-10",
      "description": "基于微信生态的全场景小程序定制开发，从需求梳理到上线运维全程服务",
      "features": ["覆盖多行业场景：电商购物、品牌展示、服务预约、工具应用等均可定制",
        "深度整合微信能力：支持微信支付、消息推送、会员卡、社群分享等原生功能",
        "支持后续迭代：模块化代码架构便于功能扩展，可随业务发展升级优化"],
      "image": "wechat-mini-program.png",

      "documentationUrl": "/docs/wechat-mini-program",
      "price": "联系销售"}
  ],
  "about": {
    "title": "我们团队",
    "content": "我们是一支源于腾讯的顶尖算法及架构团队，拥有深厚的技术积淀和丰富的行业实践经验。团队成员曾在腾讯主导多个核心项目的算法设计与系统架构开发，具备卓越的技术实力与创新能力。我们深耕半导体、金融科技（券商、保险）等多个行业，成功交付了多个高复杂度、高并发的技术解决方案，能够精准满足客户在技术与业务层面的双重需求。基于对行业痛点的深刻理解，我们致力于为客户提供高效、可靠的定制化服务，助力企业实现数字化转型与智能化升级。无论是前沿算法的研发，还是大规模分布式系统的架构设计，我们都能以专业的技术能力和丰富的实战经验，为您的业务保驾护航。",
    "image": "/img/team.jpg",
    "team": [
      { "name": "张明", "position": "创始人 & CEO", "image": "/img/team/zhangming.jpg" },
      { "name": "李华", "position": "CTO", "image": "/img/team/lihua.jpg" },
      { "name": "王静", "position": "产品总监", "image": "/img/team/wangjing.jpg" }
    ]
  },
  "contact": {
    "title": "联系我们",
    "address": "上海市浦东新区科技大道100号",
    "email": "contact@novatech.com",
    "phone": "-",
    "mapEmbedUrl": "https://maps.example.com/embed/novatech"
  },
  "registerForm": {
    "title": "用户注册",
    "description": "创建账户，获取更多专属服务和资源",
    "fields": [
      { "name": "fullName", "label": "姓名", "type": "text", "required": true },
      { "name": "email", "label": "邮箱", "type": "email", "required": true },
      { "name": "password", "label": "密码", "type": "password", "required": true },
      { "name": "confirmPassword", "label": "确认密码", "type": "password", "required": true },
      { "name": "company", "label": "公司/组织", "type": "text", "required": false },
      { "name": "agreement", "label": "我同意服务条款和隐私政策", "type": "checkbox", "required": true }
    ],
    "submitLabel": "注册",
    "successMessage": "注册成功，请登录您的账户！"
  },
  "forum": {
    "description": "与行业专家交流技术，分享经验，共同成长",
    "categories": [
      { "id": "all", "name": "全部话题", "icon": "📊", "color": "default", "description": "所有技术讨论" },
      { "id": "mlops", "name": "MLOps", "icon": "🤖", "color": "primary", "description": "机器学习运维平台" },
      { "id": "ai", "name": "人工智能", "icon": "🧠", "color": "secondary", "description": "AI算法与模型" },
      { "id": "frontend", "name": "前端开发", "icon": "🎨", "color": "success", "description": "Web前端技术" },
      { "id": "backend", "name": "后端开发", "icon": "⚙️", "color": "warning", "description": "服务端架构" },
      { "id": "cloud", "name": "云计算", "icon": "☁️", "color": "info", "description": "云原生与DevOps" },
      { "id": "architecture", "name": "系统架构", "icon": "🏗️", "color": "error", "description": "架构设计" }
    ],
    "popularTags": ["最佳实践", "性能优化", "技术方案", "问题求助", "经验分享", "源码分析", "工具推荐"],
    "sortOptions": [
      { "value": "latest", "label": "最新发布" },
      { "value": "hot", "label": "热门讨论" },
      { "value": "trending", "label": "趋势话题" },
      { "value": "most_liked", "label": "最多点赞" }
    ]
  }
}
